﻿pos_x,pos_y,rotation,side,designator,mpn,pack,footprint,value,mount_type
208.2,-160.5,-90.0,top,C1,,,C_0805_2012Metric,4.7µF,smt
193.3,-159.2,90.0,top,C2,,,C_0805_2012Metric,4.7µF,smt
133.2,-147.03,0.0,top,C3,,,C_0805_2012Metric,100nF,smt
173.2,-154.8,180.0,top,C4,,,C_0805_2012Metric,100nF,smt
129.15,-158.1,180.0,top,C5,,,C_0805_2012Metric,100nF,smt
191.24,-159.2,-90.0,top,C6,,,C_0805_2012Metric,100nF,smt
191.24,-155.8,-90.0,top,C7,,,C_0805_2012Metric,100nF,smt
179.43,-144.62,-90.0,top,C8,,,C_0805_2012Metric,100nF,smt
193.11,-138.89,180.0,top,D1,,,Solder pads,LED,smt
145.9,-149.1,-90.0,top,D2,,,D_SOD-323,D_Schottky,smt
126.19,-142.14,180.0,top,D3,,,Solder pads,D_Photo,smt
138.38,-157.751853,90.0,top,D4,,,D_SOD-323,D_Schottky,smt
179.5975,-150.54,180.0,top,D5,,,D_SOD-323,D,smt
190.25,-163.8,-90.0,top,D6,,,D_SOD-323,D_Schottky,smt
129.9675,-119.97,180.0,top,D7,,,D_SOD-323,D_Schottky,smt
208.21,-119.888,180.0,top,D8,,,D_SOD-323,D_Schottky,smt
166.42,-164.76,-90.0,top,D9,,,D_SOD-323,D_Schottky,smt
172.34,-160.065,180.0,top,J2,,,AMPHENOL_SFW8S-2STE1LF,FFC Socket,smt
184.74,-166.885,0.0,top,J3,,,CUI_UJ2-MIBH-G-SMT-TR,USB_B_Micro,smt
189.43,-150.85,-90.0,top,J4,,,PinSocket_1x06_P2.54mm_Vertical_SMD_Pin1Right,UPDI socket,smt
152.32,-157.3,0.0,top,J6,,,PinSocket_1x03_P2.54mm_Vertical_SMD_Pin1Right,Conn_01x03_Socket,smt
121.05,-128.68,180.0,top,Q1,,,SOT-23-3,Q_NMOS_GSD,smt
199.38,-129.76,90.0,top,Q2,,,SOT-23-3,Q_NMOS_GSD,smt
163.3625,-164.77,0.0,top,Q3,,,SOT-23-3,Q_NMOS_GSD,smt
141.81,-148.534353,0.0,top,Q4,,,SOT-23-3,Q_NMOS_GSD,smt
130.193,-125.0,180.0,top,R1,,,RES_SMF5_TYCO_TYC,47,smt
208.167,-125.0,180.0,top,R2,,,RES_SMF5_TYCO_TYC,47,smt
173.48,-166.84,180.0,top,R3,,,RES_3550_TEC,47,smt
140.66,-151.914353,-90.0,top,R4,,,R_0805_2012Metric,200k,smt
138.59,-152.104353,-90.0,top,R5,,,R_1206_3216Metric,100,smt
178.5075,-152.48,180.0,top,R6,,,R_0805_2012Metric,470,smt
177.38,-145.93,-90.0,top,R7,,,R_0805_2012Metric,470,smt
128.8325,-147.88,180.0,top,R8,,,R_0805_2012Metric,2M,smt
165.65,-153.31,-90.0,top,RN1,,,R_Array_Convex_4x1206,4.7k,smt
126.69,-152.984353,0.0,top,RN2,,,R_Array_Convex_4x1206,4.7k,smt
143.61,-159.6,90.0,top,RN3,,,R_Array_Convex_4x1206,4.7k,smt
130.01,-130.03,180.0,top,TH1,,,R_0805_2012Metric,Thermistor,smt
208.1,-130.1,180.0,top,TH2,,,R_0805_2012Metric,Thermistor,smt
165.6775,-167.42,180.0,top,TH3,,,R_0805_2012Metric,Thermistor,smt
135.25,-144.47,0.0,top,TP1,,,1x Solder pads,TestPoint,smt
202.5,-160.3,180.0,top,U1,,,SOT-223-3_TabPin2,5V LDO,smt
133.7,-149.769353,0.0,top,U2,,,MSOP-8_3x3mm_P0.65mm,Opamp_Dual,smt
133.6111,-154.344353,0.0,top,U3,,,AD5242BRUZ1M,AD5242BRUZ1M,smt
172.2,-149.2,180.0,top,U4,,,SOIC-14_3.9x8.7mm_P1.27mm,ATTiny1614,smt
185.015,-158.2,-90.0,top,U5,,,SOP-16_3.9x9.9mm_P1.27mm,CH340C,smt
