﻿Designator,Quantity,Value,Footprint,Package,MPN,DNP,Mount_Type,Description,Manufacturer,Part
"C1, C2",2,4.7µF,C_0805_2012Metric,,,,smt,4.7 µF ±10% 50V Ceramic Capacitor X5R 0805 (2012 Metric),Murata Electronics,GRT21BR61H475KE13L
"C3, C4, C5, C6, C7, C8",6,100nF,C_0805_2012Metric,,,,smt,0.1 µF ±10% 50V Ceramic Capacitor X7R 0805 (2012 Metric),Walsin Technology Corporation,MT21B104K500CT
D1,1,LED,Solder pads,,,,smt,Infrared (IR) Emitter 860nm 1.5V 100mA 1100mW/sr @ 100mA 6° Radial,ams-OSRAM USA INC.,SFH 4550
"D10, D11, D12, D2, D4, D6, D7, D8, D9",9,D_Schottky,D_SOD-323,,,,smt,Diode 30 V 1A Surface Mount USC,Toshiba Semiconductor and Storage,"CUS10S30,H3F"
D3,1,D_Photo,Solder pads,,,,smt,Photodiode 900nm 5ns 20° Radial,ams-OSRAM USA INC.,SFH 213 FA
D5,1,D,D_SOD-323,,,,smt,Diode 75 V 150mA Surface Mount SOD-323,MCC (Micro Commercial Components),1N4148WX-TP
"J2, J8",2,FFC Socket,AMPHENOL_SFW8S-2STE1LF,,,,smt,"8 Position FFC, FPC Connector Contacts, Vertical - 1 Sided 0.039"" (1.00mm) Surface Mount",Amphenol ICC (FCI),SFW8S-2STE1LF
"J3, J7",2,USB_B_Micro,CUI_UJ2-MIBH-G-SMT-TR,,,,smt,"USB JACK, 2.0, MICRO B TYPE, 5 P",Same Sky (Formerly CUI Devices),UJ2-MIBH-G-SMT-TR
J4,1,UPDI socket,PinSocket_1x06_P2.54mm_Vertical_SMD_Pin1Right,,,,smt,"6 Position Header, Top or Bottom Entry Connector 0.100"" (2.54mm) Surface Mount Tin",Sullins Connector Solutions,NPTC061KFXC-RC
J5,1,DC Jack,TENSILITY_54-00165,,,,smt,"Power Barrel Connector Jack 2.50mm ID (0.098""), 5.50mm OD (0.217"") Surface Mount, Right Angle",Tensility International Corp,54-00165
"J6, J9",2,Conn_01x03_Socket,PinSocket_1x03_P2.54mm_Vertical_SMD_Pin1Right,,,,smt,"3 Position Header, Top or Bottom Entry Connector 0.100"" (2.54mm) Surface Mount Gold",Sullins Connector Solutions,NPPC031KFXC-RC
"Q1, Q2, Q3, Q4",4,Q_NMOS_GSD,SOT-23-3,,,,smt,N-Channel 20 V 6.8A (Ta) 1.2W (Ta) Surface Mount SOT-23,ANBON SEMICONDUCTOR (INT'L) LIMITED,AS2312
"R1, R2",2,47,RES_SMF5_TYCO_TYC,,,,smt,"47 Ohms ±5% 5W Chip Resistor 5329 (13573 Metric), J-Lead Flame Retardant Coating, Safety Wirewound",TE Connectivity Passive Product,SMW547RJT
R3,1,47,RES_3550_TEC,,,,smt,47 Ohms ±5% 5W Chip Resistor Nonstandard Thick Film,TE Connectivity Passive Product,355047RJT
R4,1,200k,R_0805_2012Metric,,,,smt,"200 kOhms ±0.1% 0.1W, 1/10W Chip Resistor 0805 (2012 Metric) Anti-Sulfur, Automotive AEC-Q200, Moisture Resistant Thin Film",TE Connectivity Passive Product,CPF-A-0805B200KE
R5,1,100,R_1206_3216Metric,,,,smt,"100 Ohms ±0.1% 0.25W, 1/4W Chip Resistor 1206 (3216 Metric) Anti-Sulfur, Automotive AEC-Q200, Moisture Resistant Thin Film",YAGEO,RP1206BRD07100RL
"R6, R7",2,470,R_0805_2012Metric,,,,smt,"470 Ohms ±1% 0.125W, 1/8W Chip Resistor 0805 (2012 Metric) Anti-Sulfur, Automotive AEC-Q200, Moisture Resistant Thin Film",YAGEO,RP0805FRE07470RL
R8,1,2M,R_0805_2012Metric,,,,smt,"2 MOhms ±0.1% 0.125W, 1/8W Chip Resistor 0805 (2012 Metric) Anti-Sulfur, Automotive AEC-Q200, Moisture Resistant Thin Film",Vishay Beyschlag/Draloric/BC Components,MCU0805MD2004BP500
"RN1, RN2, RN3",3,4.7k,R_Array_Convex_4x1206,,,,smt,RES ARRAY 4 RES 4.7K OHM 2012,YAGEO,YC324-FK-074K7L
"TH1, TH2, TH3",3,Thermistor,R_0805_2012Metric,,,,smt,THERM NTC 4.7KOHM 3500K 0805,Murata Electronics,NCP21XM472J03RA
TP1,1,TestPoint,1x Solder pads,,,,smt,test point,,
U1,1,5V LDO,SOT-223-3_TabPin2,,,,smt,Linear Voltage Regulator IC Positive Fixed 1 Output 1.2A SOT-223,STMicroelectronics,LDL1117S50R
U2,1,Opamp_Dual,MSOP-8_3x3mm_P0.65mm,,,,smt,CMOS Amplifier 2 Circuit Rail-to-Rail 8-MSOP,Analog Devices Inc.,AD8607ARMZ-REEL
U3,1,AD5242BRUZ1M,AD5242BRUZ1M,,,,smt,Digital Potentiometer 1M Ohm 2 Circuit 256 Taps I2C Interface 16-TSSOP,Analog Devices Inc.,AD5242BRUZ1M
U4,1,ATTiny1614,SOIC-14_3.9x8.7mm_P1.27mm,,,,smt,"AVR tinyAVR™ 1, Functional Safety (FuSa) Microcontroller IC 8-Bit 20MHz 16KB (16K x 8) FLASH 14-SOIC",Microchip Technology,ATTINY1614-SSNR
U5,1,CH340C,SOP-16_3.9x9.9mm_P1.27mm,,,,smt,Serial-Basic-CH340C-and-USBC:SO016,Amazon,B0BK991VVV
