﻿pos_x,pos_y,rotation,side,designator,mpn,pack,footprint,value,mount_type,place
36.5,-21.0,0.0,top,D1,,,LED_APG0603SEC-E-TT_KNB,LED,smt,True
36.5,-27.788726,0.0,top,D10,,,LED_APG0603SEC-E-TT_KNB,LED,smt,True
36.5,-27.303817,180.0,top,D11,,,LED_APG0603SEC-E-TT_KNB,LED,smt,True
36.5,-26.818908,0.0,top,D12,,,LED_APG0603SEC-E-TT_KNB,LED,smt,True
36.5,-26.333999,180.0,top,D13,,,LED_APG0603SEC-E-TT_KNB,LED,smt,True
36.5,-25.84909,0.0,top,D14,,,LED_APG0603SEC-E-TT_KNB,LED,smt,True
36.5,-25.364181,180.0,top,D15,,,LED_APG0603SEC-E-TT_KNB,LED,smt,True
36.5,-24.879272,0.0,top,D16,,,LED_APG0603SEC-E-TT_KNB,LED,smt,True
36.5,-28.758544,0.0,top,D17,,,LED_APG0603SEC-E-TT_KNB,LED,smt,True
36.5,-29.243453,180.0,top,D18,,,LED_APG0603SEC-E-TT_KNB,LED,smt,True
36.5,-29.728362,0.0,top,D19,,,LED_APG0603SEC-E-TT_KNB,LED,smt,True
36.5,-21.484909,180.0,top,D2,,,LED_APG0603SEC-E-TT_KNB,LED,smt,True
36.5,-30.213271,180.0,top,D20,,,LED_APG0603SEC-E-TT_KNB,LED,smt,True
36.5,-30.69818,0.0,top,D21,,,LED_APG0603SEC-E-TT_KNB,LED,smt,True
36.5,-31.183089,180.0,top,D22,,,LED_APG0603SEC-E-TT_KNB,LED,smt,True
36.5,-31.667998,0.0,top,D23,,,LED_APG0603SEC-E-TT_KNB,LED,smt,True
36.5,-32.152907,180.0,top,D24,,,LED_APG0603SEC-E-TT_KNB,LED,smt,True
36.5,-36.032179,180.0,top,D25,,,LED_APG0603SEC-E-TT_KNB,LED,smt,True
36.5,-35.54727,0.0,top,D26,,,LED_APG0603SEC-E-TT_KNB,LED,smt,True
36.5,-35.062361,180.0,top,D27,,,LED_APG0603SEC-E-TT_KNB,LED,smt,True
36.5,-34.577452,0.0,top,D28,,,LED_APG0603SEC-E-TT_KNB,LED,smt,True
36.5,-34.092543,180.0,top,D29,,,LED_APG0603SEC-E-TT_KNB,LED,smt,True
36.5,-21.969818,0.0,top,D3,,,LED_APG0603SEC-E-TT_KNB,LED,smt,True
36.5,-33.607634,0.0,top,D30,,,LED_APG0603SEC-E-TT_KNB,LED,smt,True
36.5,-33.122725,180.0,top,D31,,,LED_APG0603SEC-E-TT_KNB,LED,smt,True
36.5,-32.637816,0.0,top,D32,,,LED_APG0603SEC-E-TT_KNB,LED,smt,True
36.5,-36.517088,0.0,top,D33,,,LED_APG0603SEC-E-TT_KNB,LED,smt,True
36.5,-37.001997,180.0,top,D34,,,LED_APG0603SEC-E-TT_KNB,LED,smt,True
36.5,-37.486906,0.0,top,D35,,,LED_APG0603SEC-E-TT_KNB,LED,smt,True
36.5,-37.971815,180.0,top,D36,,,LED_APG0603SEC-E-TT_KNB,LED,smt,True
36.5,-38.456724,0.0,top,D37,,,LED_APG0603SEC-E-TT_KNB,LED,smt,True
36.5,-38.941633,180.0,top,D38,,,LED_APG0603SEC-E-TT_KNB,LED,smt,True
36.5,-39.426542,0.0,top,D39,,,LED_APG0603SEC-E-TT_KNB,LED,smt,True
36.5,-22.454727,180.0,top,D4,,,LED_APG0603SEC-E-TT_KNB,LED,smt,True
36.5,-39.911451,180.0,top,D40,,,LED_APG0603SEC-E-TT_KNB,LED,smt,True
36.5,-43.790723,180.0,top,D41,,,LED_APG0603SEC-E-TT_KNB,LED,smt,True
36.5,-43.305814,0.0,top,D42,,,LED_APG0603SEC-E-TT_KNB,LED,smt,True
36.5,-42.820905,180.0,top,D43,,,LED_APG0603SEC-E-TT_KNB,LED,smt,True
36.5,-42.335996,0.0,top,D44,,,LED_APG0603SEC-E-TT_KNB,LED,smt,True
36.5,-41.851087,180.0,top,D45,,,LED_APG0603SEC-E-TT_KNB,LED,smt,True
36.5,-41.366178,0.0,top,D46,,,LED_APG0603SEC-E-TT_KNB,LED,smt,True
36.5,-40.881269,180.0,top,D47,,,LED_APG0603SEC-E-TT_KNB,LED,smt,True
36.5,-40.39636,0.0,top,D48,,,LED_APG0603SEC-E-TT_KNB,LED,smt,True
36.5,-44.275632,0.0,top,D49,,,LED_APG0603SEC-E-TT_KNB,LED,smt,True
36.5,-22.939636,0.0,top,D5,,,LED_APG0603SEC-E-TT_KNB,LED,smt,True
36.5,-44.760541,180.0,top,D50,,,LED_APG0603SEC-E-TT_KNB,LED,smt,True
36.5,-45.24545,0.0,top,D51,,,LED_APG0603SEC-E-TT_KNB,LED,smt,True
36.5,-45.730359,180.0,top,D52,,,LED_APG0603SEC-E-TT_KNB,LED,smt,True
36.5,-46.215268,0.0,top,D53,,,LED_APG0603SEC-E-TT_KNB,LED,smt,True
36.5,-46.700177,180.0,top,D54,,,LED_APG0603SEC-E-TT_KNB,LED,smt,True
36.5,-47.185086,0.0,top,D55,,,LED_APG0603SEC-E-TT_KNB,LED,smt,True
36.5,-47.669995,180.0,top,D56,,,LED_APG0603SEC-E-TT_KNB,LED,smt,True
36.5,-23.424545,180.0,top,D6,,,LED_APG0603SEC-E-TT_KNB,LED,smt,True
36.5,-23.909454,0.0,top,D7,,,LED_APG0603SEC-E-TT_KNB,LED,smt,True
36.5,-24.394363,180.0,top,D8,,,LED_APG0603SEC-E-TT_KNB,LED,smt,True
36.5,-28.273635,180.0,top,D9,,,LED_APG0603SEC-E-TT_KNB,LED,smt,True
36.5,-19.67,0.0,bottom,J1,,,JST_B2B-XH-A,JST-XH,tht,True
