﻿pos_x,pos_y,rotation,side,designator,mpn,pack,footprint,value,mount_type,place
31.795,-24.793342,180.0,top,D1,,,LED_XLAMP_XE-G_CRW,LED,smt,True
31.795,-40.603336,180.0,top,D10,,,LED_XLAMP_XE-G_CRW,LED,smt,True
31.795,-42.360002,180.0,top,D11,,,LED_XLAMP_XE-G_CRW,LED,smt,True
31.795,-44.116668,180.0,top,D12,,,LED_XLAMP_XE-G_CRW,LED,smt,True
31.795,-45.873334,180.0,top,D13,,,LED_XLAMP_XE-G_CRW,LED,smt,True
31.795,-47.63,180.0,top,D14,,,LED_XLAMP_XE-G_CRW,LED,smt,True
31.795,-26.550008,180.0,top,D2,,,LED_XLAMP_XE-G_CRW,LED,smt,True
31.795,-28.306674,180.0,top,D3,,,LED_XLAMP_XE-G_CRW,LED,smt,True
31.795,-30.06334,180.0,top,D4,,,LED_XLAMP_XE-G_CRW,LED,smt,True
31.795,-31.820006,180.0,top,D5,,,LED_XLAMP_XE-G_CRW,LED,smt,True
31.795,-33.576672,180.0,top,D6,,,LED_XLAMP_XE-G_CRW,LED,smt,True
31.795,-35.333338,180.0,top,D7,,,LED_XLAMP_XE-G_CRW,LED,smt,True
31.795,-37.090004,180.0,top,D8,,,LED_XLAMP_XE-G_CRW,LED,smt,True
31.795,-38.84667,180.0,top,D9,,,LED_XLAMP_XE-G_CRW,LED,smt,True
36.73,-25.25,180.0,top,J1,,,SolderWire-0.5sqmm_1x02_P10.5mm_D0.9mm_OD2.1mm,JST-XH,tht,True
