﻿pos_x,pos_y,rotation,side,designator,mpn,pack,footprint,value,mount_type,place
53.805,-40.87,0.0,top,C1,,,C_0603_1608Metric,2.2µF,smt,True
53.875,-47.11,0.0,top,C2,,,C_0603_1608Metric,1nF,smt,True
85.345,-43.63,-90.0,top,C3,,,C_0603_1608Metric,1nF,smt,True
56.17167,-87.12334,120.0,top,C4,,,ALF20G302KP400,3mF,tht,True
56.535,-52.47,180.0,top,C5,,,C_0603_1608Metric,1nF,smt,True
98.85,-75.65,90.0,top,D1,,,P26_DO-214AA_SMB,D,smt,True
112.785,-109.0825,-90.0,top,D2,,,D_SOD-123,15V Zener,smt,True
104.7092,-99.86,180.0,top,D3,,,SMDJSeries_LTF,TVS,smt,True
104.42,-80.56681,180.0,top,F1,,,FUSE_OMF250_SCH,Fuse,smt,True
98.82,-62.1,-90.0,top,F2,,,FUSE_OMF250_SCH,Fuse,smt,True
85.16,-111.89319,0.0,top,F3,,,FUSE_OMF250_SCH,Fuse,smt,True
32.0,-32.0,0.0,top,H1,,,8-32 Standoff,Standoff,tht,True
109.0,-32.0,0.0,top,H2,,,8-32 Standoff,Standoff,tht,True
43.95,-101.94,0.0,top,H3,,,8-32 Standoff,Standoff,tht,True
98.82,-52.9,90.0,top,J2,,,SolderWire-0.15sqmm_1x03_P4mm_D0.5mm_OD1.5mm,3x Banana Jack,tht,True
28.37,-72.64,90.0,top,J3,,,SolderWire-0.1sqmm_1x02_P3.6mm_D0.4mm_OD1mm,Conn_Coaxial,tht,True
27.285,-90.72825,-90.0,top,J4,,,BEL_SS71800-019F,8P8C_Shielded,tht,True
86.505,-35.37,0.0,top,J5,,,PinHeader_1x04_P2.54mm_Vertical_SMD_Pin1Left,Conn_01x04_Pin,smt,True
108.82,-71.48,-90.0,top,LA1,,,SolderWire-0.1sqmm_1x02_P3.6mm_D0.4mm_OD1mm,E12 Socket,tht,True
100.885,-108.82,180.0,top,Q1,,,TO-263-2,PMOS,smt,True
117.38,-88.87,0.0,top,Q2,,,SOT-23-3,TN2124,smt,True
86.755,-52.61,90.0,top,R1,,,R_1206_3216Metric,1M,smt,True
115.37,-109.11,-90.0,top,R2,,,R_1206_3216Metric,100k,smt,True
83.525,-43.61,-90.0,top,R3,,,R_0603_1608Metric,20k,smt,True
116.95,-112.87,0.0,top,R4,,,R_1206_3216Metric,100k,smt,True
22.255,-73.32,90.0,top,R5,,,TO-126-2_Vertical,1,tht,True
73.56,-112.29,180.0,top,R6,,,TO-247-2_Vertical,10,tht,True
54.35,-112.31,180.0,top,R7,,,TO-247-2_Vertical,10,tht,True
35.14,-112.37,180.0,top,R8,,,TO-247-2_Vertical,10,tht,True
60.055,-30.66,-90.0,top,RN1,,,R_Array_Convex_8x0602,R_Pack08,smt,True
53.135,-26.16,0.0,top,SW1,,,SolderWire-0.1sqmm_1x05_P3.6mm_D0.4mm_OD1mm,SW_Push_LED,tht,True
67.11,-79.19,180.0,bottom,SYM1,,,Symbol_HighVoltage,SYM_Flash_Small,tht,False
102.24,-91.44,0.0,top,SYM2,,,Symbol_Highvoltage_Type2_CopperTop_Small,SYM_Flash_Small,tht,False
110.44,-56.605,0.0,top,SYM2,,,Symbol_Highvoltage_Type2_CopperTop_Small,SYM_Flash_Small,tht,False
44.33,-48.09,90.0,top,U1,,,Itsy Bitsy 32u4,Itsy_Bitsy_32u4,tht,True
53.885,-44.01,90.0,top,U2,,,SOT-23-6,4.096V,smt,True
