﻿Designator,Quantity,Value,Footprint,Package,MPN,Mount_Type
C1,1,2.2µF,C_0603_1608Metric,,,smt
"C2, C3, C5, C6",4,1nF,C_0603_1608Metric,,,smt
C4,1,3mF,ALF20G302KP400,,,tht
D1,1,D,P26_DO-214AA_SMB,,,smt
D2,1,15V Zener,D_SOD-123,,,smt
D3,1,TVS,SMDJSeries_LTF,,,smt
"F1, F2, F3",3,Fuse,FUSE_OMF250_SCH,,,smt
"H1, H3",2,Standoff,8-32 Isolated Hole,,,tht
H2,1,Standoff,8-32 Standoff,,,tht
J2,1,3x Banana Jack,SolderWire-0.5sqmm_1x03_P4.6mm_D0.9mm_OD2.1mm - HV Slot,,,tht
J3,1,Conn_Coaxial,SolderWire-0.1sqmm_1x02_P3.6mm_D0.4mm_OD1mm,,,tht
J4,1,8P8C_Shielded,BEL_SS71800-019F - HV Slot,,,tht
J5,1,Conn_01x04_Pin,PinHeader_1x04_P2.54mm_Vertical_SMD_Pin1Left,,,smt
LA1,1,E12 Socket,SolderWire-0.5sqmm_1x02_P4.6mm_D0.9mm_OD2.1mm - HV Slot,,,tht
LS1,1,Speaker_Crystal,XDCR_SMT-0940-T-3V-R,,,smt
Q1,1,PMOS,TO-263-2,,,smt
Q2,1,TN2124,SOT-23-3 - HV Slot,,,smt
R1,1,1M,R_1206_3216 - HV slot,,,smt
"R2, R4",2,100k,R_1206_3216Metric,,,smt
"R3, R9",2,20k,R_0603_1608Metric,,,smt
R5,1,1,TO-126-2_Vertical,,,tht
"R6, R7, R8",3,10,TO-247-2_Vertical,,,tht
RN1,1,R_Pack08,R_Array_Convex_8x0602,,,smt
SW1,1,SW_Push_LED,SolderWire-0.1sqmm_1x05_P3.6mm_D0.4mm_OD1mm,,,tht
SYM1,1,SYM_Flash_Small,Symbol_HighVoltage,,,tht
"SYM2, SYM2",2,SYM_Flash_Small,Symbol_Highvoltage_Type2_CopperTop_Small,,,tht
SYM3,1,Logo_Open_Hardware_Small,OSHW-Logo2_7.3x6mm_SilkScreen,,,tht
U1,1,Itsy_Bitsy_32u4,Itsy Bitsy 32u4,,,tht
U2,1,4.096V,SOT-23-6,,,smt
