﻿pos_x,pos_y,rotation,side,designator,mpn,pack,footprint,value,mount_type
144.54,-85.92,-90.0,bottom,C1,,,C_Rect_L4.6mm_W3.0mm_P2.50mm_MKS02_FKP02,100nF,tht
139.194724,-87.094724,0.0,top,D1,,,TO-46-2 - nIR,LED,tht
147.42,-87.09,0.0,top,D2,,,LED_D5.0mm - nIR,D_Photo,tht
132.45,-96.65,0.0,bottom,J1,,,PinHeader_1x03_P2.54mm_Vertical,Conn_01x03_Pin,tht
152.62,-91.52,180.0,bottom,J2,,,PinHeader_1x03_P2.54mm_Vertical,Conn_01x03_Pin,tht
132.37,-83.52,-90.0,bottom,Q1,,,TO-251-3_Vertical,Q_NMOS_GDS,tht
149.73,-81.5,180.0,bottom,RV1,,,TRIM_PV36W503C01B00,50k,tht
137.11,-94.77,90.0,bottom,RV2,,,TRIM_PV36W503C01B00,50k,tht
139.33,-81.49,180.0,bottom,RV3,,,TRIM_PV36W503C01B00,50k,tht
149.15,-98.65,90.0,bottom,U1,,,PDIP8_300MC_MCH,MCP6541,tht
