﻿pos_x,pos_y,rotation,side,designator,mpn,pack,footprint,value,mount_type
142.5,-85.27,-90.0,bottom,C1,,,C_Rect_L4.6mm_W3.0mm_P2.50mm_MKS02_FKP02,100nF,tht
137.429724,-86.519724,0.0,top,D1,,,TO-46-2 - nIR,LED,tht
145.025,-86.5,0.0,top,D2,,,LED_D5.0mm - nIR,D_Photo,tht
153.405,-85.82,180.0,bottom,D3,,,LED_D3.0mm,LED,tht
132.45,-96.05,0.0,bottom,J1,,,PinHeader_1x03_P2.54mm_Vertical,Conn_01x03_Pin,tht
152.62,-90.92,180.0,bottom,J2,,,PinHeader_1x03_P2.54mm_Vertical,Conn_01x03_Pin,tht
132.37,-82.92,-90.0,bottom,Q1,,,TO-251-3_Vertical,Q_NMOS_GDS,tht
149.73,-80.9,180.0,bottom,RV1,,,TRIM_PV36W503C01B00,50k,tht
137.11,-94.17,90.0,bottom,RV2,,,TRIM_PV36W503C01B00,50k,tht
139.33,-80.89,180.0,bottom,RV3,,,TRIM_PV36W503C01B00,50k,tht
149.15,-98.05,90.0,bottom,U1,,,PDIP8_300MC_MCH,MCP6541,tht
