﻿Designator,Quantity,Value,Footprint,Package,MPN,DNP,Mount_Type,Description,Manufacturer,Part
C1,1,100nF,C_Rect_L4.6mm_W3.0mm_P2.50mm_MKS02_FKP02,,,,tht,0.1 µF ±20% 50V Ceramic Capacitor X7R Radial,KEMET,C320C104M5R5TA
D1,1,LED,TO-46-2 - nIR,,,,tht,Infrared (IR) Emitter 850nm 1.7V 100mA 160mW/sr @ 100mA 6° TO-18-2 Metal Can,ams-OSRAM USA INC.,SFH 4851
D2,1,D_Photo,LED_D5.0mm - nIR,,,,tht,Photodiode,ams-OSRAM USA INC.,SFH 213 FA
"J1, J2",2,Conn_01x03_Pin,PinHeader_1x03_P2.54mm_Vertical,,,,tht,"Generic connector, single row, 01x03, script generated",Amphenol ICC (FCI),10129378-903004BLF
Q1,1,Q_NMOS_GDS,TO-251-3_Vertical,,,,tht,"N-MOSFET transistor, gate/drain/source",Vishay Siliconix,SIHLU024-GE3
"RV1, RV2, RV3",3,50k,TRIM_PV36W503C01B00,,,,tht,"50 kOhms 0.5W, 1/2W PC Pins Through Hole Trimmer Potentiometer Cermet 25.0 Turn Top Adjustment",Bourns Inc.,PV36W503C01B00
U1,1,MCP6541,PDIP8_300MC_MCH,,,,tht,"Comparator General Purpose CMOS, Push-Pull, Rail-to-Rail, TTL 8-PDIP",Microchip Technology,MCP6541-E/P
